{
  "epochs_trained": 11,
  "best_val_loss": 0.0799069454272588,
  "best_val_rmse": 0.28267816581274685,
  "train_loss": [
    0.12028604835271835,
    0.09959878742694855,
    0.0942097744345665,
    0.09290153861045837,
    0.09233278959989548,
    0.08867206737399101,
    0.08878953009843826,
    0.08804223626852035,
    0.08679500967264175,
    0.08727185890078544,
    0.08892809733748436
  ],
  "val_loss": [
    0.0799069454272588,
    0.08438925196727116,
    0.08138111233711243,
    0.08470168585578601,
    0.08199488247434299,
    0.08527293552954991,
    0.08278756091992061,
    0.08894056578477223,
    0.08376576503117879,
    0.11267933125297229,
    0.08128054812550545
  ],
  "val_rmse": [
    0.28267816581274685,
    0.2904982822105342,
    0.2852737498213119,
    0.29103554053721004,
    0.2863474855387122,
    0.2920153001634502,
    0.28772827619113245,
    0.29822904919670756,
    0.2894231591133971,
    0.33567742142266926,
    0.2850974361959529
  ],
  "evaluation": {
    "RMSE": 27.009503,
    "MAE": 23.174011,
    "MAPE": 100.159073,
    "R2": -0.023044
  }
}